app_id,name,playtime_minutes,playtime_hours,playtime_2weeks,img_icon_url,img_logo_url
10,Counter-Strike,22,0.37,0,6b0312cda02f5f777efa2f3318c307ff9acafbb5,
80,Counter-Strike: Condition Zero,0,0.0,0,077b050ef3e89cd84e2c5a575d78d53b54058236,
100,Counter-Strike: Condition Zero Deleted Scenes,203,3.38,0,077b050ef3e89cd84e2c5a575d78d53b54058236,
3330,Zuma Deluxe,225,3.75,0,0d252b5ad580d6a8ec07dab2c8a3afb30673ae35,
3830,Psychonauts,336,5.6,0,460b6471db7d83ee6943c1a87f7a9f2898634952,
4000,Garry's Mod,2578,42.97,0,4a6f25cfa2426445d0d9d6e233408de4d371ce8b,
2280,DOOM + DOOM II,51,0.85,0,3e5e70b1e0c4869dc3276b10b830f6ce9d341cf9,
2300,DOOM II,1,0.02,0,ca71be262e191f3fdb2148f5ae56ff3e2ca340c2,
4500,S.T.A.L.K.E.R.: Shadow of Chernobyl,322,5.37,0,c57f5fdde74464aed0a09c2e5dd41f8973cbee8d,
220,Half-Life 2,2117,35.28,0,fcfb366051782b8ebf2aa297f3b746395858cb62,
320,Half-Life 2: Deathmatch,8,0.13,0,795e85364189511f4990861b578084deef086cb1,
360,Half-Life Deathmatch: Source,0,0.0,0,40b8a62efff5a9ab356e5c56f5c8b0532c8e1aa3,
400,Portal,172,2.87,0,cfa928ab4119dd137e50d728e8fe703e4e970aff,
12200,Bully: Scholarship Edition,51,0.85,0,791f13dd4ea6c4cdf171670cc576682171c1eae5,
19980,Prince of Persia,50,0.83,0,2b404bd60fb97a9c1eabb9d4a573909c014a23fd,
3590,Plants vs. Zombies: Game of the Year,1096,18.27,0,d2a9c24de11210560f579e7fd9303960c5060155,
32370,STAR WARS™ Knights of the Old Republic™,492,8.2,0,018b6650c8de8c9c36d957cf6f8bc11d0c21d083,
35000,Mini Ninjas,9,0.15,0,02f702c604e0692b8185f1b0e94e013d0a242d3a,
20900,The Witcher: Enhanced Edition,34,0.57,0,746d1cd48fb2e57d579b05b6e9eccba95859e549,
10180,Call of Duty: Modern Warfare 2 (2009),1634,27.23,0,ad502494f1658220f9166c7e17ac90422bf6a479,
10190,Call of Duty: Modern Warfare 2 (2009) - Multiplayer,736,12.27,0,7dd7c2d5bce2413131762d7cbee3f059614ed69d,
550,Left 4 Dead 2,4707,78.45,0,7d5a243f9500d2f8467312822f8af2a2928777ed,
22370,Fallout 3 - Game of the Year Edition,5,0.08,0,21d7090bdea8f6685ca730850b7b55acfdb92732,
41700,S.T.A.L.K.E.R.: Call of Pripyat,596,9.93,0,60b32d190ebcaac8d2b2aaf16db2b07015616eb2,
24960,Battlefield: Bad Company™ 2,1178,19.63,0,3a8b5c53efd00554eb3315681754974c3edf1c41,
8190,Just Cause 2,312,5.2,0,73582e392a2b9413fe93b011665a5b9cf26ff175,
22380,Fallout: New Vegas,13639,227.32,0,1711fd8c46d739feec76bd4a64eaeeca5b87e3a7,
42700,Call of Duty: Black Ops,400,6.67,0,ea744d59efded3feaeebcafed224be9eadde90ac,
42710,Call of Duty: Black Ops - Multiplayer,0,0.0,0,d595fb4b01201cade09e1232f2c41c0866840628,
50300,Spec Ops: The Line,323,5.38,0,55ae859a90d61c08f18ed3aa0ee2579169d2c2bf,
70000,Dino D-Day,232,3.87,0,958cda55e4c95d79c651b567f3083204d9842911,
620,Portal 2,414,6.9,0,2e478fc6874d06ae5baf0d147f6f21203291aa02,
105600,Terraria,2521,42.02,0,858961e95fbf869f136e1770d586e0caefd4cfac,
20920,The Witcher 2: Assassins of Kings Enhanced Edition,674,11.23,0,62dd5c627664df1bcabc47727c7dcd7ccab353e9,
55150,"Warhammer 40,000: Space Marine - Anniversary Edition",223,3.72,0,46b0ce6e587472d1d56cc88dd32c8b57392f8b10,
24240,PAYDAY: The Heist,1454,24.23,0,a07ceea8808f1a2104ed1c864756f263ec67df49,
16450,F.E.A.R. 2: Project Origin,0,0.0,0,6611d8b01c7a2cc3538c478c044d1e09f3140eaa,
21090,F.E.A.R.,82,1.37,0,71f118282be5aaa34eb82506593130ecfcc6a90b,
21100,F.E.A.R. 3,0,0.0,0,01b73115a3ff7315d14f0bcf7beff01ef76162b4,
21110,F.E.A.R.: Extraction Point,0,0.0,0,153d4f89ef0bd59a0039c396ff963a31d4d5e71b,
21120,F.E.A.R.: Perseus Mandate,0,0.0,0,7b1d0271f2735ca66e1cb681eb4da1a7c985d53f,
206440,To the Moon,82,1.37,0,6e29eb4076a6253fdbccb987a2a21746d2df54d7,
108710,Alan Wake,241,4.02,0,ec7953511aaaf5a2c2093b872b5b43c6cab56462,
202750,Alan Wake's American Nightmare,0,0.0,0,313aabf37ed0b521ad969d3fe21768d31300f1ca,
730,Counter-Strike 2,18972,316.2,0,8dbc71957312bbd3baea65848b545be9eae2a355,
200260,Batman: Arkham City GOTY,890,14.83,0,746ecf3ce44b2525eb7ad643e76a3b60913d2662,
49520,Borderlands 2,11971,199.52,0,a3f4945226e69b6196074df4c776e342d3e5a3be,
205950,Jet Set Radio,357,5.95,0,884cfa9f5f615e297f8c53a2010f1b63835e44b5,
219150,Hotline Miami,606,10.1,0,493c0a3e823c60c14f91204526f26cc064ed7c84,
200510,XCOM: Enemy Unknown,0,0.0,0,48be2fee1d0d511b5c7313e1359beafd36ea92ed,
215510,Rocketbirds: Hardboiled Chicken,189,3.15,0,be9c980e8243b58aad6b568aa47dc1418be79fd4,
4720,Condemned: Criminal Origins,126,2.1,0,8ea7e69eb0f0f056c39f9c9d655d3885bbe4215a,
202970,Call of Duty: Black Ops II,47,0.78,0,0a23d78ade8c8d7b4cfa15bf71c9dd535b2998ca,
202990,Call of Duty: Black Ops II - Multiplayer,0,0.0,0,1f3a69123b4c7e47904dcd0c55e48c5522e30284,
212910,Call of Duty: Black Ops II - Zombies,0,0.0,0,abbc45872375bcf8ac6b67cae6ed9ddb6c75d350,
214510,LEGO® The Lord of the Rings™,127,2.12,0,aa7d4b19990dfe8e29de2bb90be5fcef58a78a89,
227300,Euro Truck Simulator 2,84,1.4,0,adc18a4fc9adc0330144b76d61cbda68bb2394a0,
218230,PlanetSide 2,90,1.5,0,f09d788b57eccd48ad9a6d1ec0dbf0707db39612,
1083500,PlanetSide 2 - Test,0,0.0,0,4a048ec31eba8fb4ed19a1fd8a906041119d3523,
230410,Warframe,550,9.17,0,22064646470f4c53388ba87774c7ac10f0a91ffa,
236390,War Thunder,1,0.02,0,c69fbafb6e9891314cc5df0fe6a659612c289bf9,
238070,Shadow Warrior Classic (1997),18,0.3,0,c14baa163827ff7fd44a71bb64d81b3e8085d602,
223710,Cry of Fear,450,7.5,0,962637bf69fddc5466b042c748b6408d2901f25c,
286100,You Have to Win the Game,25,0.42,0,26628aeaa64d8827918cd2e8abefa2a27bb29d28,
8870,BioShock Infinite,1098,18.3,0,4ebaf5f9ee74f50152f7ff361debef7553fa0e4e,
210770,Sanctum 2,251,4.18,0,4cdfa1d19be460374a111b718ce3a204f21ea1dc,
39140,FINAL FANTASY VII,124,2.07,0,dc89ce8f07d5ec36a5617a66fe16e3541d2cc172,
239030,"Papers, Please",559,9.32,0,102e22fc7e0689cb5a9d8cfdd5a6725d571d1a0f,
244210,Assetto Corsa,779,12.98,0,c35922c480816b55f18b2843c6d838ccbc8ff825,
239350,Spelunky,66,1.1,0,f11cc6800f5139e79643331be28c348cd7ccbba2,
236850,Europa Universalis IV,1617,26.95,0,2553e828486183a4f5d5eb33036a95f07c698ded,
209000,Batman™: Arkham Origins,171,2.85,0,76dac70a2206de1a80da4950da43e1b05ea302a8,
239820,Game Dev Tycoon,195,3.25,0,f63ee73113b0880922a84e8d6af0d222fef91c40,
222880,Insurgency,1247,20.78,0,b072fc4239951c1952f4877edde340419438b528,
208610,Skullgirls ∞Endless Beta∞,0,0.0,0,7bf859db736b8825045b0cc79acc4bb7be8cd7b9,
245170,Skullgirls 2nd Encore,515,8.58,0,0931d59aa0e33244275f4fa6c4409816ccf00296,
233130,Shadow Warrior,0,0.0,0,5d7c205ce18f17a99c95ff81499c2f496e0570f2,
255520,Viscera Cleanup Detail: Shadow Warrior,10,0.17,0,56c3840d52a0da4f397d9991d368c75ed53d99fa,
262060,Darkest Dungeon®,984,16.4,0,af219e7f9ed0506cb0954aabb7f24a45e38d28e4,
226840,Age of Wonders III,396,6.6,0,06f134e787a2dd9022c0e8514ab918f4530665a8,
268870,Satellite Reign,199,3.32,0,b609806b16b6581548c7d2908f0f75936ea86f48,
269650,Dex,595,9.92,0,c6b56ed02ec7f1cad3ce20506da00a6d8bbf854e,
235460,METAL GEAR RISING: REVENGEANCE,2158,35.97,0,ad0f84fe48b57f3861b6c6d743f26b98d670c21f,
232790,Broken Age,20,0.33,0,4b859c6d3dbb58c102276516b4cff175e8dd4ea0,
274170,Hotline Miami 2: Wrong Number,838,13.97,0,3fc78b615529f78cc24cea247c7b2ee50c551bbd,
225840,Sven Co-op,605,10.08,0,b552055c69f4b4b05195b72805ed0bff09cf1e93,
280560,Danmaku Unlimited 2,933,15.55,0,99c3aa7e37a30ee9cca1c94b5f051f553b60bfe2,
282900,Hyperdimension Neptunia Re;Birth1,199,3.32,0,0cd228210df4f44ef8e77f62b18d1a9af81a72d4,
254700,Resident Evil 4 (2005),1684,28.07,0,535bfea3332662271f1e3a972832bc0b4aba5a38,
286690,Metro 2033 Redux,1118,18.63,0,353ea01a045c084215bca95519808eaa7319ce0c,
287390,Metro: Last Light Redux,689,11.48,0,7139b7af2ad9d248d21e98302b964cd61474318c,
287700,METAL GEAR SOLID V: THE PHANTOM PAIN,2678,44.63,0,7a1737163c96ea641143db45709a4ac444ba8f7b,
287980,Mini Metro,268,4.47,0,1b389229474bb7112d0f0b8189b1cbe4ff8f14b5,
292910,Deponia: The Complete Journey,131,2.18,0,98e31755e9695af7d427411d55100ce834f1f102,
228180,Action! - Gameplay Recording and Streaming,1825,30.42,0,15f6e6d0950711039d2fdb3d5747b89149188d16,
304930,Unturned,773,12.88,0,e18009fb628b35953826efe47dc3be556b689f4c,
310560,DiRT Rally,235,3.92,0,6af1249ba4f9c521ce981ee040ffa3b9ca603911,
311340,METAL GEAR SOLID V: GROUND ZEROES,645,10.75,0,60ea6c7b08077263bac018bcd32435ec858e867c,
312990,The Expendabros,176,2.93,0,63305a7d0473b92c6d8830a3f62527e64c479e7c,
269210,Hero Siege,209,3.48,0,c787f8aa68ebb1426c5a9633b7609d7e849c1bc2,
323190,Frostpunk,572,9.53,0,0561084dfe24c469c905fe0681da82aa31102836,
232890,Stronghold Crusader 2,1261,21.02,0,1e94888e7ac06dc974f4767db2a520c090fa6dbd,
221040,Resident Evil 6,0,0.0,0,0a0832a59b6c0a4ffa995b0343892729fe61ec1b,
323850,Move or Die,223,3.72,0,3998d6f23592638da8d080825cc5da2e6cd4ffa3,
307690,Sleeping Dogs: Definitive Edition,287,4.78,0,8ef5e84ffbd9a4b3fb28d308073bccb415fc25ab,
327860,Salt,258,4.3,0,6e3f3ad6aa5e21125ea964a932c381e7f05917fe,
261640,Borderlands: The Pre-Sequel,2929,48.82,0,af5ef05eac8b1eb618e4f57354ac7b3e918ab1bd,
289650,Assassin's Creed Unity,261,4.35,0,0629ffe7fc7d88011c5b9705625bfe3791fe0afe,
335300,DARK SOULS™ II: Scholar of the First Sin,416,6.93,0,6e665503e93d1383b774a68dfea23ac7afc0e3aa,
335670,LISA,81,1.35,0,4db7f8a68772c4b4ce484fc2db896e8000c32f7a,
339610,FreeStyle 2: Street Basketball,12,0.2,0,368f89b5ecc999f1956a98a9bdb86f4d6acb243d,
341310,Greyfox,94,1.57,0,e29fffe6ce2e981f7645553af7216d5f414a1060,
351150,DRAGON: A Game About a Dragon,250,4.17,0,a09f5ba082d3a07bf31a983e65de245944a59aef,
329430,State of Decay: Year-One,651,10.85,0,735efd15df84e4a9ef9f64a980cd313f5ef325bf,
21690,Resident Evil 5,251,4.18,0,26108f5caff3638c9f522dd79ee84a12761f373a,
362890,Black Mesa,1640,27.33,0,51182b6a74035eb913b353d5d60e596c3804daf6,
362930,Garfield Kart,37,0.62,0,2bdfea5a09ae12eb3a71eece229632b8d8297cc0,
268050,The Evil Within,743,12.38,0,3ec11bf61b679fe85a529fc139ed90f39964a7c1,
367450,Poly Bridge,651,10.85,0,7bc695b845364099d87469c2d9074a3782c68638,
367520,Hollow Knight,346,5.77,0,7b87aecda896ae747a6e40e3eb63498cb8b84df2,
368360,60 Seconds!,303,5.05,0,ab552d13eee21a2654589d7e348b13f46bcc0abb,
1012880,60 Seconds! Reatomized,252,4.2,0,e008d567f867241727ef6b65003cb0b40d6b0da9,
230230,Divinity: Original Sin (Classic),275,4.58,0,ca9cdafd4257253dba68babeed300874190fbbff,
373420,Divinity: Original Sin Enhanced Edition,223,3.72,0,822ff912b2e464fbebbedf7a75ae1eb24921f16b,
380600,Fishing Planet,0,0.0,0,df6785140de8c32f6baec7fd7fd74c5823459250,
291550,Brawlhalla,1322,22.03,0,c43fac31b8bf8821764603a14d09412bc3d45f66,
388080,Borderless Gaming,3680,61.33,0,9ec4dbbca023fd0493ceffb53bee6181ad5b2a23,
389730,TEKKEN 7,2551,42.52,0,fe025a6f9a666b3839fe0a2591542dc98844643f,
391540,Undertale,1498,24.97,0,2ce672b89b63ec1e70d2f12862e72eb4a33e9268,
397540,Borderlands 3,2132,35.53,0,0ac7b8d98fad581f65b0533bbce63bf953d743ac,
397900,Business Tour - Online Multiplayer Board Game,413,6.88,0,b6ce52a576e99f54c5d18f675540b9c3ee70ed47,
398710,Timberman,251,4.18,0,fa15e1b976f0e202c763c176c849a98e03d36559,
399820,Kopanito All-Stars Soccer,208,3.47,0,efb557e4cc3effe1c98e718f8fb6aac718484250,
404790,Godot Engine,8,0.13,0,057ae868c1d0975b941d73f58d1dc17c8a15a090,
50620,Darksiders,1240,20.67,0,e429cee10d864faf2aae2ea9cd75e8e1942fbe08,
388410,Darksiders II Deathinitive Edition,259,4.32,0,a2d5549090144f1bfd9e00f1b460c1ad0aa9c366,
462780,Darksiders Warmastered Edition,250,4.17,0,4616a0d94eb5864f2933fd0157bb60a27b14d5fe,
413150,Stardew Valley,2359,39.32,0,35d1377200084a4034238c05b0c8930451e2fb40,
413410,Danganronpa: Trigger Happy Havoc,2250,37.5,0,221f5116c2c1d46fa71a7b014b5e882334a2d0da,
413420,Danganronpa 2: Goodbye Despair,4161,69.35,0,912bb82c4ee0f7734ed28c97fde01a1371978896,
280790,Creativerse,1616,26.93,0,e4937c3f653f127bdfddc17a8a544f887775e6be,
418240,Shadow Tactics: Blades of the Shogun,780,13.0,0,7f933b7e1bcb83caf3bbcc9a143aee85b8a677af,
420530,OneShot,55,0.92,0,b5f932179c1e35da8651b4cc05b2cd96d0e6540b,
423230,Furi,607,10.12,0,85ba3f445459796811d4ea9596914e77dcc0a082,
425210,Shadwen,430,7.17,0,1f005d0771c12390561a10e673b91bccea2fe0b4,
304240,Resident Evil,1562,26.03,0,a60a960c76f26ab81773d4f2d372836db37a0012,
339340,Resident Evil 0,190,3.17,0,db120ea03830d200f5ba41567b2dd4556aa33705,
268500,XCOM 2,506,8.43,0,f275aeb0b1b947262810569356a199848c643754,
359550,Tom Clancy's Rainbow Six Siege,3022,50.37,0,624745d333ac54aedb1ee911013e2edb7722550e,
623990,Tom Clancy's Rainbow Six Siege - Test Server,0,0.0,0,20deaf466474f76f2ffdb345fe56f40fe3af74c0,
377840,FINAL FANTASY IX,854,14.23,0,5c5cb414b598d8b1a9056f12f625f92a601ad421,
431960,Wallpaper Engine,4534,75.57,0,72edaed9d748c6cf7397ffb1c83f0b837b9ebd9d,
433950,Bit Blaster XL,269,4.48,0,de749aa6f191796e141f0dce05bc80217d7532d1,
865040,Super Bit Blaster XL,0,0.0,0,c7e81e61caba41392d9c4c6966c706c1caec8af7,
438100,VRChat,1278,21.3,0,52c5f93bd9f8de008307f5fad95023600267462c,
374320,DARK SOULS™ III,10243,170.72,0,7abe1a33129c20cf10d2c74128bbd657a2a2c806,
444090,Paladins,2938,48.97,0,1565119c17f532338a0645b98e69e1fc1df0c29e,
596350,Paladins - Public Test,0,0.0,0,0a073dec4ffe8398b74369289d0c987134e35986,
444590,Skautfold: Shrouded in Sanity,74,1.23,0,8bae16454227c1ce616bc7830ccc780d3fd5830c,
447530,VA-11 Hall-A: Cyberpunk Bartender Action,463,7.72,0,eb4485232d4ac9ec5a786fa4ba5b9c95fc3e8d63,
450390,The Lab,15,0.25,0,69ca11312e3a1779946de8871d6bdb003636ffbf,
460950,Katana ZERO,380,6.33,0,874ee87e03abd66ff158727c051ceb173e3cba3c,
207140,SpeedRunners,3595,59.92,0,65cfa21149c415430fe36d83c23e079e6db476cc,
476650,The Silver Case,0,0.0,0,056463d45a7080dbbb1a68f16842d4292541a59b,
489830,The Elder Scrolls V: Skyrim Special Edition,206,3.43,0,0dfe3eed5658f9fbd8b62f8021038c0a4190f21d,
502500,ACE COMBAT™7: SKIES UNKNOWN,1728,28.8,0,f7e1587f3521cacbdebd07b25c05103a963160a8,
504230,Celeste,642,10.7,0,04cb7aa0b497a3962e6b1655b7fd81a2cc95d18b,
510540,Long Gone Days,27,0.45,0,bcea5b5b1c78f86ad58580ef391cfec8be5de1b1,
513510,Intralism,708,11.8,0,3f94582f921c9f738d6b9089ac11c8b349afd1d8,
104900,ORION: Prelude,25,0.42,0,2e934d58e275379f19f36ddc1676aedc2ef5e862,
518790,theHunter: Call of the Wild™,376,6.27,0,8cd121cb62c8f98019ed333716657449c8da2b81,
312660,Sniper Elite 4,1218,20.3,0,3a1dbbf59326c0bb78113db7ac0d70b9988b3ce8,
292030,The Witcher 3: Wild Hunt,6875,114.58,0,6e43cb881e60712c3cccdd7f871baa56acf15328,
7670,BioShock,0,0.0,0,9a7c9f640a76e6a32592277dbbc36a0f6da05372,
8850,BioShock 2,0,0.0,0,f5eda925c0e57373aaea4cae17b6f175115a8d54,
409710,BioShock Remastered,82,1.37,0,eb72262cd3ccc3219dd76392be3b60a4b6cbfd38,
409720,BioShock 2 Remastered,0,0.0,0,97527a02b36f8ac4aba21005c2d953cc908a08e1,
537110,Angels of Death,163,2.72,0,f55ce64b9f802dbc7efe04897cac37fb2ed28405,
418370,Resident Evil 7 Biohazard,924,15.4,0,675cd2fbaae3c2a74a0c7e9eea71e969ff90d6bb,
544330,Snake Pass,315,5.25,0,a4a42fb745404840580ee3c92e03b1686aa32ac4,
546560,Half-Life: Alyx,885,14.75,0,225032ac2ad1aca8f5fd98baa2b9daf1eebea5ca,
550650,Black Squad,609,10.15,0,213a736d8c5b75998b671de25e6621d1e7bc122a,
553850,HELLDIVERS™ 2,677,11.28,0,c3dff088e090f81d6e3d88eabbb67732647c69cf,
555950,Danganronpa Another Episode: Ultra Despair Girls,1056,17.6,0,d2e0b8094bd2c0cb98d4d414ac5d73d77cbc2c44,
208140,ENDLESS™ Space - Definitive Edition,260,4.33,0,7a72ff611d3d6567f91df23a733d22380a7d7d80,
586140,BlazBlue Centralfiction,278,4.63,0,e513b2c0985e9bf6adc5c51ad0eb7ad46193d912,
587650,Half-Life 2: DownFall,8,0.13,0,2bd7beb507f242025589a6da7f8889b1889da200,
588430,Fallout Shelter,141,2.35,0,bb39b682fefd9a95486911cd991d8cdc5d7b57c9,
588650,Dead Cells,1536,25.6,0,a431361e5dae5fd6ac2433064b62b2a37abc38f1,
597760,Yuppie Psycho,168,2.8,0,5eca8264c9b3ea2f9e58916d051441f0f541a381,
601510,Yu-Gi-Oh! Duel Links,175,2.92,0,56f5f27bf43ec772b614f75fd937f7f8e477c860,
607890,Sword Art Online: Hollow Realization Deluxe Edition,481,8.02,0,d7c7125cc4471a73b0302443666a7c0bc36ad5c8,
610370,Desperados III,143,2.38,0,3f8d3ff835397cb30ee44693757456060946de63,
615610,Orbt XL,189,3.15,0,66d9955f28fa6fb166a0c76cc05cb9e2ea36495a,
626690,Sword Art Online: Fatal Bullet,2116,35.27,0,fe19fa4187e12ccdb1d6f31ef56e3e54d3fc1dee,
460810,Vanquish,481,8.02,0,a5024e8135e1865f7df484f512ddf4e117fc0140,
632470,Disco Elysium,585,9.75,0,b681544caa931c7c1a6788e6e3e33cb42892d17c,
639650,1982,24,0.4,0,86f9d39ec22080b5f0c282f48d83928a4adaeeac,
643270,OLDTV,282,4.7,0,4555f4368ea7296dde5d65a2188884e6c073a6de,
424840,Little Nightmares,534,8.9,0,1904c041f963b5e2cb22b56c370444517cc4e288,
218620,PAYDAY 2,288,4.8,0,a6abc0d0c1e79c0b5b0f5c8ab81ce9076a542414,
652980,Loading Screen Simulator,71,1.18,0,a05d56896d73128b477f78062b6cfc72f03c30d1,
654990,Dude Simulator,235,3.92,0,0a63b4c93ab51f3bae2075c4039608046484a08e,
666220,CS2D,1,0.02,0,ef00f5299425ba5a443f1e1b33b46395d5d726f5,
601430,The Evil Within 2,0,0.0,0,823f7bef429bc85a7a68dba32d6f47938fc3b689,
677620,Splitgate,247,4.12,0,03e452b180ff77986c3957819bde4c69448a2d0f,
323580,Jotun: Valhalla Edition,640,10.67,0,69b336a11a1e8acee4034b970a89c1df7cf53b32,
377160,Fallout 4,2164,36.07,0,779c4356ebe32af2af7c9f0bbba595dfe872cd7f,
584400,Sonic Mania,304,5.07,0,c329b28adc1eb1ae73c9d4df9d9e48d7ea63bd86,
698780,Doki Doki Literature Club,91,1.52,0,2bf8ed528d8f251428435a6f6ffc8e4e8e4b294c,
113020,Monaco,228,3.8,0,169e693854d9f70984987fa3b6b5f1f9eb27122a,
567640,Danganronpa V3: Killing Harmony,1738,28.97,0,27e0b08d9506a81bc9f8d3a3616fb455106bfa68,
435150,Divinity: Original Sin 2,3647,60.78,0,519a99caef7c5e2b4625c8c2fa0620fb66a752f3,
725270,Necrobarista,38,0.63,0,020035896a509ec7fba632cf4320fb2499a55c88,
38400,Fallout,466,7.77,0,df0001a1aa011e6c7a8f38a65908070eba3d2f61,
743640,Achievement Clicker,5,0.08,0,33db869902669157ee0878b8fa4fcf4be8d7bd71,
744800,Banyu Lintar Angin - Little Storm -,2,0.03,0,2b62a0b108481a5627e98a269a83b4358ad5bc11,
746850,Cloudpunk,19,0.32,0,8ea77cc8558c0c413dd829026b1031cbbbaf66d0,
427460,Battlerite Public Test,0,0.0,0,,
504370,Battlerite,158,2.63,0,943ec9894774f40c9863d0305c456a3c3b2f7c13,
760160,Vampire: The Masquerade - Bloodhunt,338,5.63,0,08e7dfced6c1d534ec5d580a3a177427c7250a60,
667870,MINDNIGHT,64,1.07,0,39a095dfe905bda9bf568f2e95f0bcaf0bd15816,
368230,Kingdom: Classic,552,9.2,0,0d741624c643448ff74741f50a4b80a24529b869,
774171,Muse Dash,625,10.42,0,e0f4a24aa5b44887dc3467ee3e9ceabf46082041,
774361,Blasphemous,260,4.33,0,4adaff16db14b2cf3bcfda2c523f0d4d68e15d6f,
787480,Phoenix Wright: Ace Attorney Trilogy,0,0.0,0,fbacf38826f9e6fbbd65535496847def4fe54229,
791930,BombTag,122,2.03,0,d77e593947dceed0abf11f632c4eb39435d866b1,
794600,LET IT DIE,220,3.67,0,b03083339ec8ac21f6f4b45e676b9d825af8b51d,
798460,Ni no Kuni Wrath of the White Witch™ Remastered,57,0.95,0,c2ab51aa5079f5e64e6128b247057c165555ca8e,
637650,FINAL FANTASY XV WINDOWS EDITION,276,4.6,0,0a99fcc7b08c7240d9146390cf1be28451aeef73,
805940,RUSSIA BATTLEGROUNDS,0,0.0,0,06c93a85ade77124d92b467355714a28b0d13b96,
834530,Yakuza Kiwami,1335,22.25,0,220ff034e362250b2d19637c3dd1af0899a49089,
552500,Warhammer: Vermintide 2,192,3.2,0,a671f2ddf7359beba9702ac097baf6d50cb07202,
24200,DC Universe Online,78,1.3,0,1563d80759bfa4f9698a1799b3872e7f3a5209b1,
837610,Mary Skelter: Nightmares,375,6.25,0,13766adba6c87624bcc43a3dd8e53a030b258e95,
838310,Bloodstained: Curse of the Moon,672,11.2,0,aff67ca3a627b1cfceee2ab9f35b1e876cabf331,
570940,DARK SOULS™: REMASTERED,1119,18.65,0,d74cfa4f3a2070f45ad8ce44e5f61a6507ee00b6,
847370,Sunset Overdrive,684,11.4,0,9870dc3dc81444a78503eecb9ca54a9628a836f5,
851100,Touhou Luna Nights,404,6.73,0,6f24e0e534e62a5d23f4201c657da1bb46b67b77,
439190,Stories: The Path of Destinies,217,3.62,0,ed3383f9deed7e41515d34e544a67258fcf91c23,
864540,FALLBACK,84,1.4,0,f40a87797a91209c7d6c8d1add855a907f84edeb,
868520,killer7,830,13.83,0,dc348a941170ad1f45c2b670bec129ad4ff54d69,
480490,Prey,1431,23.85,0,5ef565e374f039469e4a5c332cd51584af7ec5db,
741820,Prey: Typhon Hunter,0,0.0,0,c287ea60b90c8d4616f7cd0b92e0128289727c00,
638970,Yakuza 0,4601,76.68,0,3c19e2140eb09113fddd33b796a3f12185163cb7,
883710,Resident Evil 2,1393,23.22,0,86ef2fdebeced746313994ccf2d7afb1f2887bf0,
884260,Akane,252,4.2,0,c5e92c37bffe6597abe5a8b429460faccce65977,
892970,Valheim,1640,27.33,0,2f64c9a826e2c6cf3253fea4834c2e612db09143,
737800,F1 2018,0,0.0,0,6bde4fea9075bf74379941d696004e7b356c5af2,
895870,Project Wingman,360,6.0,249,cac32e8d11e46c215685f7a736c662009fb69f93,
914800,Coffee Talk,201,3.35,0,49d266aef4f1f54f7b721ccce0264067cea797c0,
924140,Hand Simulator: Survival,175,2.92,0,6ff4145d649d59b54b47765d166c5d52f5ef536b,
814380,Sekiro™: Shadows Die Twice,8318,138.63,0,2704fb9c5465045d00a5b19a0cb1e9bdabbd15cc,
412020,Metro Exodus,592,9.87,0,f9863ed0ffc717b130744488f088ae95fe6e9bd8,
1449560,Metro Exodus Enhanced Edition,464,7.73,0,f9863ed0ffc717b130744488f088ae95fe6e9bd8,
304390,For Honor,238,3.97,0,64dd8eca34f0b5faeda135f057da1973806852f2,
654310,For Honor - Public Test,0,0.0,0,64dd8eca34f0b5faeda135f057da1973806852f2,
946050,Soda Dungeon 2,101,1.68,0,75bd56e1db97bc94a6bc6b8a624af61602ef5009,
948740,AI: The Somnium Files,990,16.5,0,7150721d70b5302de5cdc62e99a3bfb5f5675119,
953490,CARRION,334,5.57,0,e6f76f606f82cdadbdac5cc829410eac3ab029ac,
972660,Spiritfarer®: Farewell Edition,315,5.25,0,21c6c86b51df38e9480231792acf0cfc30f51820,
35140,Batman: Arkham Asylum GOTY Edition,0,0.0,0,e52f91ecb0d3f20263e96fe188de1bcc8c91643e,
208650,Batman™: Arkham Knight,0,0.0,0,f6c2ce13796844750dfbd01685fb009eeac4bf70,
231430,Company of Heroes 2,225,3.75,0,5e7e1866fb4f33a17393b0441cd1c750dbd91c5f,
999730,Secret Neighbor Beta,0,0.0,0,37f54c1004f528d1177a19b49c5def64a8f8b5a5,
999860,Enemy On Board,1,0.02,0,ea046139c29c431629dd3dd216af34eda9c4a28b,
308600,Gene Shift Auto,244,4.07,0,e0ba85c5d76697b6c1f8999f4ee5691eda138185,
278360,A Story About My Uncle,459,7.65,0,feb33a53334222c82aaf0545e00913bd92bcd3d9,
893180,Catherine Classic,0,0.0,0,6aca33b636793db64e21800b0acd9eb433ad790a,
524220,NieR:Automata™,2950,49.17,0,ec431ecb2a5178c5a01bb15550f112f93af029bb,
343710,KHOLAT,210,3.5,0,77c0fe5a1f94460962d547716a1391bb0ad8264e,
1046930,Dota Underlords,17,0.28,0,1f6f64144e8cc371c5382660e48998dfbe0a708e,
1048100,Peekaboo,224,3.73,0,c622417b1d4167ca71a2efb1daa2ea6af76c0d60,
266310,GameGuru Classic,4,0.07,0,07c5b9b14641c60336cb89f05531f077dea2936a,
1061910,Metal: Hellsinger,396,6.6,0,380101087101052cd304c1bc107672e6c0da815e,
1062160,Poly Bridge 2,107,1.78,0,9be50a08f160c70f07d4f870ca12c909242ad332,
927380,Yakuza Kiwami 2,1952,32.53,0,c3b2e69aa75de5afae7c0a52176ec2ba8ee16fa5,
761890,Albion Online,104,1.73,0,c58d1e42e59a9c6cc57c8da69d944b37ba45a0e2,
1070580,Drift86,221,3.68,0,4a23c4e85e64d2d41d287bded0047b0762cf65e8,
359320,Elite Dangerous,1609,26.82,1508,670f2f289a180f7ac291585df847009640ebf1c5,
275390,Guacamelee! Super Turbo Championship Edition,743,12.38,0,933dbbe576dca66cc46757e58871b2ae597a16bf,
1088710,Yakuza 3 Remastered,1944,32.4,0,2f3717fbf9b898644b9a77cefd7a851c7c805bd7,
1091500,Cyberpunk 2077,7600,126.67,0,15ba5f5437473a1b4d628b3b87223e84f4cfdf38,
1092790,Inscryption,0,0.0,0,25c02dcbabe97febe787797195099325a4d47935,
44350,GRID 2,421,7.02,0,78dfd2533e0ee4cdf981cf13fbdea9596f1ed433,
1094710,Royal Crown,132,2.2,0,38f5fb93ee0b19c4a9e5122bb1c77d54880da4d0,
1097150,Fall Guys,275,4.58,0,6c027709b9eb1417c993bc7d513b97b232002368,
1098340,Zup! 9,0,0.0,0,ef9b21c970bc390231a02adbfd955c02cbe57ab1,
1105500,Yakuza 4 Remastered,1465,24.42,0,9c0917bca10b54193100c6e8071bc45c8c49d095,
1105510,Yakuza 5 Remastered,965,16.08,0,0aa99cea8b752b22bd167752798d60bd1c112663,
1127500,Mini Motorways,217,3.62,0,567195f974791f4082704682b431e2a2ff358ff9,
1144200,Ready or Not,334,5.57,0,9312af21d070f126acbd2237c461b0d06d9b3e20,
1150690,OMORI,1692,28.2,0,29c42e099c6527a041bf17812d140508fab9c387,
1085660,Destiny 2,400,6.67,0,fce050d63f0a2f8eb51b603c7f30bfca2a301549,
601150,Devil May Cry 5,632,10.53,0,7ec2f6fb9069c3ae03af7e83610862090cd757bb,
1172380,STAR WARS Jedi: Fallen Order™ ,1273,21.22,0,0ea1d285a8ee6fbeef0e8f7f3b2d7fa4cbcb423b,
1174180,Red Dead Redemption 2,6024,100.4,0,5106abd9c1187a97f23295a0ba9470c94804ec6c,
203770,Crusader Kings II,24,0.4,0,56e9c15cbeb6c1f873f7f1dc757bae7618861484,
582010,Monster Hunter: World,172,2.87,0,6ec147f2d423f435e15eb79b3d82f771913de634,
220820,Zombie Driver HD,14,0.23,0,dcd38ddfa0bba3e842a6b265b72b6a4e3573a4b5,
1196590,Resident Evil Village,829,13.82,0,d97fb0681f9517c65a9d7ba9dd7e63f775375645,
678960,CODE VEIN,1787,29.78,0,e9c6697e32bc165ef0e46768079ed34a28633069,
1201270,A Space for the Unbound,709,11.82,0,e267de500ad0a05566020f2ae7b219fc709b8d70,
1201280,A Space For The Unbound - Prologue,53,0.88,0,8c79e8c6127fc66ac13210de8a912abe1b9c85d2,
1145360,Hades,1366,22.77,0,8a3fca36a00883e8066263ad35dd15d77a1f9abc,
1203710,UnMetal,223,3.72,0,86ee545e34cf6f834facae00b5e14acd30ccaeb4,
1210600,Trepang2 Demo,0,0.0,0,d28d766530481db316b30c4deb0f60b3f3d6d020,
1229380,Everhood,158,2.63,0,19d60e8341deecec3a1f9499f8a509b3bc482246,
1236300,Resident Evil Re:Verse,0,0.0,0,eb2517104ec768ea3217ca875f94925bfcf3d7bb,
1222680,Need for Speed™ Heat ,36,0.6,0,98a96955403db8eeed026bc5ff04e51e3329f1b0,
1249200,Ghostrunner Demo,25,0.42,0,8af4f3de14d50e2061e8bdbd82ec2b34a9ea80ba,
952060,Resident Evil 3,506,8.43,0,136b7a39787b0d8df93cf3b757c36ae1eb392784,
952070,RESIDENT EVIL RESISTANCE,0,0.0,0,05c0148e8e414361742c38e3709ca9cdd9c637a8,
1262350,SIGNALIS,57,0.95,0,a59153e59c9040d8a8561d78285106d88715ee20,
1245620,ELDEN RING,10877,181.28,0,b6e290dd5a92ce98f89089a207733c70c41a1871,
1167450,DAEMON X MACHINA,75,1.25,0,cfffcb9e8e4d94330dd93b6bcc4a5c31d11a13e4,
555000,GOAT OF DUTY,0,0.0,0,db089f15dc9d6efaa71611985c9826641acc2170,
797410,Headsnatchers,0,0.0,0,e627364cba9089135968dd42c31450989ec9fb91,
760620,Deiland,74,1.23,0,7c4a8c6b0b7e25dbdee9b18abf230e0f62dd684d,
442070,Drawful 2,0,0.0,0,a2aab99a9ec657f817aff247593b3310cae44288,
203160,Tomb Raider,764,12.73,0,3ee640a8aba6992678e36f4e40cba9c71c02348b,
289690,Lara Croft and the Temple of Osiris,0,0.0,0,920993a056262fb03a012c34ac9766350901021c,
1158500,Between Two Castles - Digital Edition,13,0.22,0,a62d71a0a03c53ab5d6ac852dfdcc8b0d9d700b5,
3720,Evil Genius,0,0.0,0,35d050db7d537eabf867b1a2394671fed2b5122b,
335190,200% Mixed Juice!,0,0.0,0,edb5dee52760d6b312c748debaf27444f7d24f8e,
390710,Acceleration of SUGURI 2,12,0.2,0,1bc9a3edc1a1291f91dafab6040cecc137e8b6cc,
282800,100% Orange Juice,46,0.77,0,baaf4be38deeb8a631567ee6c651ca23b65c834a,
1281930,tModLoader,1450,24.17,0,e8a125078a31b8475994e8ce4d8d6fdd6becc131,
1282150,SpongeBob SquarePants: The Cosmic Shake,156,2.6,0,03470659fca0183701b7cb5c130838f19b24c2f5,
1282270,Strinova,1,0.02,0,518dc2e6b49d69a1d5ccb7f5415d76cdb878803b,
1283220,Devolverland Expo,40,0.67,0,d6f272823e296c3df03a6c136f105f23c42ec402,
1284410,GWENT: The Witcher Card Game,125,2.08,0,3e089897714dfc658a5e62246c342e2826a708e1,
1113000,Persona 4 Golden,4508,75.13,0,295e86f2d5393325f38f33777b357d86e23c751d,
680360,Regions Of Ruin,0,0.0,0,d8f045e06bc779e2f46718cf05dea4132365a04a,
1289310,Helltaker,285,4.75,0,c4cfc91850d08836a6b49bc0509f7b0e3e17ffa4,
1290490,UNBEATABLE [white label],19,0.32,0,fe6ec997c1bf1b395cd6f548343e73c023b5861b,
368180,Polyball,0,0.0,0,5601af6a0de985425c73e057e96249a905d42bda,
274980,Influent,0,0.0,0,c9f3da0350a21796a1ed51fe3d0d02629152e78e,
34330,Total War: SHOGUN 2,0,0.0,0,2fa97296a62daf0329b3867ad6837a2289229fbb,
1321440,Cassette Beasts,342,5.7,0,025b36a9292a681265ffd1313d6041510d899db1,
435790,10 Second Ninja X,0,0.0,0,23b4f652d3c3c2716ba1d44181bfd1f39c556c69,
640590,The LEGO® NINJAGO® Movie Video Game,0,0.0,0,e73b26c11ea3dd22910565c0621a3f511ea943d3,
579110,Interkosmos,0,0.0,0,86933d9dc3ec8349db85345a2568e3c5548fb543,
406970,The Uncertain: Last Quiet Day,0,0.0,0,e93fd61da0af4423b57e9dd92e27597c9b78183f,
242700,Injustice: Gods Among Us Ultimate Edition,0,0.0,0,4ea9f28360ca77b2ced5c8ac5545fcfc6ea8ef15,
1353230,Bomb Rush Cyberfunk,741,12.35,0,485d1c4916825e0ae7e8be739bddb6d9f096a5bc,
822800,Soulfire,0,0.0,0,aca832c3c0edaf9def7ca18bc5c3fe4b6097b614,
1388590,Yakuza 6: The Song of Life,0,0.0,0,c50ac73856c541e2d6bab955369a12b1c8dceeae,
1392820,Milk inside a bag of milk inside a bag of milk,46,0.77,0,c2a9062c3a24a042d6d94ccd96cca33f2bd67fe8,
1413480,Shin Megami Tensei III Nocturne HD Remaster,69,1.15,0,e246155570505449e9bf8638f837d4e699a5c938,
1420290,No More Heroes,235,3.92,0,b602ccda086e209544e41df4258db638096c8e12,
1421760,What Comes After,34,0.57,0,56c04ef5e9959c7171d07c00cb39ab86188f7da4,
325180,AppGameKit Classic,0,0.0,0,56b06e662e5ffa0f3c1a8248ea0a15bdd4760498,
1113560,NieR Replicant ver.1.22474487139...,216,3.6,0,8ca16d03995179d1ba3a2263e03db170100c6382,
1449850,Yu-Gi-Oh!  Master Duel,1674,27.9,0,44dabbbf83223ac398db561fac195794953b2136,
1451940,NEEDY STREAMER OVERLOAD,224,3.73,0,2d9e7f71e6372b3f8b4a7a2a9f1fcfdbd28061c1,
1466640,Road 96,262,4.37,0,031fb207de40b078417ab77b2c4e00545e910ad1,
1475810,Ghostwire: Tokyo,1008,16.8,0,9b65bb20f181e58f6ff9a7bbb144830f0c44c195,
1533420,Neon White,704,11.73,0,0c26e58be78678cb80716370bd607778d85b3ab5,
582660,Black Desert,0,0.0,0,bf5ccace0a692720984827bf042143d0d4b28a42,
706220,Black Desert SA (Retired),0,0.0,0,61a2ca45ccfe2b0cafaaa2cf638ba3de87107c2d,
775500,SCARLET NEXUS,624,10.4,0,f4ef5c4520ae18b98acd229ae84f1fb4d4efdc72,
1574820,Until Then,23,0.38,0,52cf8cf1891b1b6e05a9a72ce743593e4e8a7741,
43110,Metro 2033,53,0.88,0,a70fe6dc214f24107d20596f3040dbfa220ed42d,
1235140,Yakuza: Like a Dragon,3325,55.42,0,2dd517dc392377291d18d89722d26f737795829d,
1604000,Milk outside a bag of milk outside a bag of milk,0,0.0,0,7dad6702d578a13255dd238fb7a6e6742f5d9d1f,
1622910,Still Wakes the Deep,578,9.63,0,4c7891c34a4b48b08142b518a03415dae62e123d,
1669980,Volcano Princess,252,4.2,0,af41b6930b60ea5a3d8e21ba04933284253f42cf,
1671200,HonkaiImpact 3rd,0,0.0,0,525d8e23e908bfe8cb5dcb093a4eb2528a0f55ad,
1687950,Persona 5 Royal,1157,19.28,0,2f868d8c16fc357dc7122d440b9de3916e36e6fa,
1240440,Halo Infinite,14,0.23,0,ec684b943169d675439f6cdf64fa2f2aa90d9821,
1446780,MONSTER HUNTER RISE,740,12.33,0,560dd364b52075b783424961a43c01f9b69fde15,
239140,Dying Light,160,2.67,0,d6eafb4fab916ac475bf67054332dd1c0659f8d6,
241930,Middle-earth™: Shadow of Mordor™,198,3.3,0,161afab3c9f725f593635723cc64a7fbeb324ead,
356190,Middle-earth™: Shadow of War™,0,0.0,0,316c479e5d51d21e15eb8f82338fce82c42c4115,
1817250,Ghostwire: Tokyo - Prelude,0,0.0,0,1c9362cee0ff93c4d0311432c7b9ad514e150a7c,
1850570,DEATH STRANDING DIRECTOR'S CUT,5053,84.22,25,dd1abd2566c95d1e89408570719657a663591f8f,
1462040,FINAL FANTASY VII REMAKE INTERGRADE,555,9.25,0,3cf19bc8fa3bc953d68a9b46b0a7555839188da0,
1954200,Kena: Bridge of Spirits,66,1.1,0,6aa6d99f50212e2b13ca564cdd5359f7db6b18be,
1966720,Lethal Company,0,0.0,0,8393f321a62a9ef0be762c81565d2caea4fb7da6,
1973530,Limbus Company,228,3.8,0,37cc38d5fff9b40f682abd05e7cb3f429629823c,
1985810,Call of Duty®: Black Ops Cold War,896,14.93,0,2998827956613290f9af6b771a5281249af91740,
2005010,"Warhammer 40,000: Boltgun",76,1.27,0,2ffcd2f993a8dac66c8523fb579234ffa2c83bdf,
2058180,Judgment,156,2.6,0,ac8a224f2701830963e7e1cf2495425867b78be7,
2058190,Lost Judgment,0,0.0,0,efcc6959a7385cb5b7d282c4b46bad941a9b94cc,
2073850,THE FINALS,109,1.82,0,9532db560dca3b4982f4af3f5981b6b2ce2a6909,
2089350,Hatsune Miku Logic Paint S,850,14.17,0,f8d3888d134c661d63c54c91e07ff51e989a6afc,
2106840,PARANORMASIGHT: The Seven Mysteries of Honjo,1348,22.47,0,f27d207c7456998c4e0f65320f2bd08fff2d5cd1,
40990,Mafia,0,0.0,0,3c86a0fd4f94a97b6f4ce31b5c31532e2098fe7b,
2050650,Resident Evil 4,1152,19.2,0,817358b8013c55831ea10d031ef9c0b151110826,
1693980,Dead Space,680,11.33,0,3368d467f4f60f9f07ec4c206a22184fae060be2,
482400,System Shock,405,6.75,0,02f179d02ba16944514e46cee8c614e04d2567b7,
1562430,DREDGE,738,12.3,0,c8b352e87c28aa9ffe3a4641b230beb5064a49e6,
2325290,Sky: Children of the Light,0,0.0,0,6901b8c6fdd72931f3eedcbbe07039e9c3a24be4,
1888160,ARMORED CORE™ VI FIRES OF RUBICON™,2946,49.1,306,961383bce3239632856e2e58dbf5d1893f05d808,
233270,Far Cry® 3 Blood Dragon,0,0.0,0,37ea239abeef5c5b2a90a2f821aaab745633972a,
2369390,Far Cry 6,756,12.6,0,178c21f6ed3ea43c9e5b3c9ea2919e7bca63c7b0,
2375550,Like a Dragon Gaiden: The Man Who Erased His Name,0,0.0,0,2889d0e62c052be98e4641bba32f24d025c1c5fd,
2131630,METAL GEAR SOLID - Master Collection Version,780,13.0,0,418dfb5ef08cd60d271a74a80aa2db88d333666f,
2131640,METAL GEAR SOLID 2: Sons of Liberty - Master Collection Version,898,14.97,0,d36232c8ad04a966a24289948bc7a619c43f95b1,
2131650,METAL GEAR SOLID 3: Snake Eater - Master Collection Version,943,15.72,0,4f696d96306027da84ab3e965a8004a34443728f,
2131680,METAL GEAR & METAL GEAR 2: Solid Snake,113,1.88,0,92f9faa7f41fb7256408e3810ee4c87dbf5a36f2,
2306740,METAL GEAR SOLID: MASTER COLLECTION Vol.1 BONUS CONTENT,0,0.0,0,4505efd402d35e8aa5550ccb7503c39cad2328bb,
2524890,Pixel Gun 3D: PC Edition,4,0.07,0,74fa3fd8d35a1b1cce00dc7831078c5cfedb1a6c,
2527500,MiSide,489,8.15,0,c262acd97d45a10d3102cb654dace25af7b05977,
1778820,TEKKEN 8,1120,18.67,0,379f0bd7dcf0b6b20bd9041ddfaba05fdaa77a6e,
2072450,Like a Dragon: Infinite Wealth,0,0.0,0,b6deba4e44ec723fbc8ae733dbf9afd2ba758c60,
2637990,Duck Detective: The Secret Salami,164,2.73,0,f84d21d80da084d2f00dea54187b2190187d8282,
2653790,The Exit 8,1,0.02,0,7c040c733fc64d878d8c7b8c8564eb1a9ae10238,
2679460,Metaphor: ReFantazio,2228,37.13,0,76497828e18653273818f428323bd2a5684e689d,
2215430,Ghost of Tsushima DIRECTOR'S CUT,3334,55.57,0,e87b8cbe31f7bc5f40ee6ed94ccfa18f59f04fbc,
2739990,Mahjong Soul,2057,34.28,0,3e7174adf280a550f50495144a833bb122e2a35e,
1422450,Deadlock,7,0.12,0,f6da1420a173324d49bcd470fa3eee781ad0fa5e,
3146520,WEBFISHING,71,1.18,0,f59f42d0b227a8161ac5bc5106d17fe6ba146157,
526870,Satisfactory,537,8.95,0,ee3406fe5ec813b1987ad67e37e5cd6fb4f620e6,
3301060,Desktop Mate,16,0.27,0,09d5ce6410f36449218be5e531c8217705b7bdad,
440,Team Fortress 2,1377,22.95,0,e3f595a92552da3d664ad00277fad2107345f743,
570,Dota 2,1734,28.9,0,0bbb630d63262dd66d2fdd0f7d37e8661a410075,
